engineer_gpt_cot,examiner_gpt
synthesis,synthesis
analysis,analysis
synthesis,synthesis
synthesis,synthesis
synthesis,synthesis
knowledge,comprehension
synthesis,synthesis
synthesis,synthesis
application,application
evaluation,evaluation
analysis,analysis
synthesis,synthesis
comprehension,comprehension
synthesis,synthesis
analysis,analysis
knowledge,knowledge
synthesis,synthesis
comprehension,analysis
application,application
synthesis,synthesis
application,application
comprehension,comprehension
knowledge,knowledge
knowledge,knowledge
application,synthesis
evaluation,synthesis
synthesis,synthesis
synthesis,synthesis
synthesis,application
synthesis,synthesis
knowledge,knowledge
evaluation,evaluation
synthesis,synthesis
comprehension,comprehension
evaluation,evaluation
synthesis,synthesis
synthesis,synthesis
knowledge,knowledge
evaluation,evaluation
comprehension,comprehension
synthesis,synthesis
evaluation,evaluation
synthesis,synthesis
knowledge,knowledge
comprehension,comprehension
comprehension,comprehension
knowledge,knowledge
synthesis,synthesis
evaluation,evaluation
analysis,analysis
knowledge,knowledge
analysis,analysis
analysis,analysis
evaluation,evaluation
knowledge,knowledge
synthesis,synthesis
knowledge,knowledge
comprehension,comprehension
evaluation,evaluation
synthesis,synthesis
application,application
evaluation,evaluation
evaluation,evaluation
knowledge,knowledge
knowledge,knowledge
synthesis,synthesis
synthesis,synthesis
application,application
synthesis,synthesis
comprehension,comprehension
application,application
analysis,analysis
evaluation,evaluation
comprehension,comprehension
knowledge,knowledge
synthesis,synthesis
evaluation,evaluation
comprehension,comprehension
comprehension,comprehension
synthesis,synthesis
evaluation,evaluation
knowledge,knowledge
analysis,analysis
synthesis,synthesis
comprehension,comprehension
synthesis,synthesis
comprehension,comprehension
synthesis,synthesis
knowledge,knowledge
analysis,analysis
knowledge,knowledge
evaluation,evaluation
knowledge,knowledge
application,application
comprehension,comprehension
synthesis,comprehension
synthesis,synthesis
evaluation,evaluation
evaluation,evaluation
analysis,analysis
application,application
application,application
synthesis,application
synthesis,synthesis
knowledge,knowledge
knowledge,knowledge
comprehension,comprehension
comprehension,comprehension
comprehension,comprehension
evaluation,evaluation
knowledge,knowledge
application,synthesis
synthesis,synthesis
analysis,analysis
application,application
analysis,analysis
analysis,analysis
evaluation,evaluation
knowledge,knowledge
synthesis,synthesis
knowledge,knowledge
application,application
evaluation,application
synthesis,synthesis
knowledge,knowledge
synthesis,synthesis
