engineer_llama_cot,examiner_llama
synthesis,synthesis
analysis,analysis
synthesis,synthesis
synthesis,synthesis
synthesis,synthesis
comprehension,comprehension
synthesis,synthesis
synthesis,synthesis
comprehension,comprehension
evaluation,evaluation
analysis,analysis
synthesis,synthesis
comprehension,comprehension
synthesis,synthesis
analysis,analysis
analysis,analysis
synthesis,synthesis
analysis,analysis
application,application
synthesis,synthesis
application,application
comprehension,comprehension
knowledge,knowledge
knowledge,knowledge
application,application
evaluation,evaluation
synthesis,synthesis
synthesis,synthesis
synthesis,synthesis
synthesis,synthesis
knowledge,knowledge
evaluation,evaluation
synthesis,synthesis
comprehension,comprehension
evaluation,evaluation
synthesis,synthesis
synthesis,synthesis
application,application
synthesis,application
comprehension,comprehension
synthesis,synthesis
analysis,evaluation
analysis,analysis
knowledge,knowledge
comprehension,comprehension
comprehension,comprehension
knowledge,knowledge
synthesis,synthesis
evaluation,evaluation
analysis,application
knowledge,knowledge
analysis,analysis
analysis,analysis
evaluation,evaluation
knowledge,knowledge
synthesis,synthesis
knowledge,knowledge
comprehension,comprehension
evaluation,evaluation
synthesis,synthesis
application,application
evaluation,evaluation
evaluation,evaluation
knowledge,knowledge
knowledge,knowledge
synthesis,synthesis
synthesis,synthesis
application,application
synthesis,synthesis
comprehension,comprehension
synthesis,application
analysis,analysis
evaluation,evaluation
comprehension,comprehension
knowledge,knowledge
synthesis,synthesis
application,evaluation
comprehension,comprehension
comprehension,comprehension
synthesis,synthesis
analysis,evaluation
knowledge,knowledge
analysis,analysis
synthesis,synthesis
comprehension,comprehension
synthesis,synthesis
comprehension,comprehension
synthesis,synthesis
knowledge,knowledge
analysis,evaluation
knowledge,knowledge
evaluation,evaluation
knowledge,knowledge
application,application
comprehension,comprehension
synthesis,synthesis
synthesis,synthesis
evaluation,evaluation
evaluation,evaluation
analysis,analysis
application,analysis
application,application
synthesis,synthesis
synthesis,synthesis
knowledge,knowledge
knowledge,knowledge
comprehension,comprehension
comprehension,comprehension
comprehension,comprehension
evaluation,evaluation
knowledge,knowledge
application,application
synthesis,synthesis
analysis,analysis
application,synthesis
analysis,analysis
analysis,analysis
synthesis,synthesis
knowledge,knowledge
synthesis,synthesis
knowledge,knowledge
comprehension,comprehension
application,synthesis
synthesis,synthesis
knowledge,knowledge
synthesis,synthesis
